SYMBOLTYPE,SYMBOLNAME,SYMBOL,FUT1,FUT2,FUT3
INDICES,Nifty 50,NSE:NIFTY50-INDEX,NSE:NIFTY25AUGFUT,NSE:NIFTY25SEPFUT,NSE:NIFTY25OCTFUT
INDICES,Nifty BANK,NSE:NIFTYBANK-INDEX,NSE:BANKNIFTY25AUGFUT,NSE:BANKNIFTY25SEPFUT,NSE:BANKNIFTY25OCTFUT
INDICES,Nifty FINANCIAL SERVICES,NSE:FINNIFTY-INDEX,NSE:FINNIFTY25AUGFUT,NSE:FINNIFTY25SEPFUT,NSE:FINNIFTY25OCTFUT
INDICES,Nifty MIDCAP SELECT,NSE:MIDCPNIFTY-INDEX,NSE:MIDCPNIFTY25AUGFUT,NSE:MIDCPNIFTY25SEPFUT,NSE:MIDCPNIFTY25OCTFUT
INDICES,Nifty NEXT 50,NSE:NIFTYNXT50-INDEX,NSE:NIFTYNXT5025AUGFUT,NSE:NIFTYNXT5025SEPFUT,NSE:NIFTYNXT5025OCTFUT
STOCKS,360 ONE WAM LIMITED,NSE:360ONE-EQ,NSE:360ONE25AUGFUT,NSE:360ONE25SEPFUT,NSE:360ONE25OCTFUT
STOCKS,ABB India Limited,NSE:ABB-EQ,NSE:ABB25AUGFUT,NSE:ABB25SEPFUT,NSE:ABB25OCTFUT
STOCKS,APL Apollo Tubes Limited,NSE:APLAPOLLO-EQ,NSE:APLAPOLLO25AUGFUT,NSE:APLAPOLLO25SEPFUT,NSE:APLAPOLLO25OCTFUT
STOCKS,AU Small Finance Bank Limited,NSE:AUBANK-EQ,NSE:AUBANK25AUGFUT,NSE:AUBANK25SEPFUT,NSE:AUBANK25OCTFUT
STOCKS,Adani Energy Solutions Limited,NSE:ADANIENSOL-EQ,NSE:ADANIENSOL25AUGFUT,NSE:ADANIENSOL25SEPFUT,NSE:ADANIENSOL25OCTFUT
STOCKS,Adani Enterprises Limited,NSE:ADANIENT-EQ,NSE:ADANIENT25AUGFUT,NSE:ADANIENT25SEPFUT,NSE:ADANIENT25OCTFUT
STOCKS,Adani Green Energy Limited,NSE:ADANIGREEN-EQ,NSE:ADANIGREEN25AUGFUT,NSE:ADANIGREEN25SEPFUT,NSE:ADANIGREEN25OCTFUT
STOCKS,Adani Ports and Special Economic Zone Limited,NSE:ADANIPORTS-EQ,NSE:ADANIPORTS25AUGFUT,NSE:ADANIPORTS25SEPFUT,NSE:ADANIPORTS25OCTFUT
STOCKS,Adani Total Gas Limited,NSE:ATGL-EQ,NSE:ATGL25AUGFUT,NSE:ATGL25SEPFUT,NSE:ATGL25OCTFUT
STOCKS,Aditya Birla Capital Limited,NSE:ABCAPITAL-EQ,NSE:ABCAPITAL25AUGFUT,NSE:ABCAPITAL25SEPFUT,NSE:ABCAPITAL25OCTFUT
STOCKS,Aditya Birla Fashion and Retail Limited,NSE:ABFRL-EQ,NSE:ABFRL25AUGFUT,NSE:ABFRL25SEPFUT,NSE:ABFRL25OCTFUT
STOCKS,Alkem Laboratories Limited,NSE:ALKEM-EQ,NSE:ALKEM25AUGFUT,NSE:ALKEM25SEPFUT,NSE:ALKEM25OCTFUT
STOCKS,Amber Enterprises India Limited,NSE:AMBER-EQ,NSE:AMBER25AUGFUT,NSE:AMBER25SEPFUT,NSE:AMBER25OCTFUT
STOCKS,Ambuja Cements Limited,NSE:AMBUJACEM-EQ,NSE:AMBUJACEM25AUGFUT,NSE:AMBUJACEM25SEPFUT,NSE:AMBUJACEM25OCTFUT
STOCKS,Angel One Limited,NSE:ANGELONE-EQ,NSE:ANGELONE25AUGFUT,NSE:ANGELONE25SEPFUT,NSE:ANGELONE25OCTFUT
STOCKS,Apollo Hospitals Enterprise Limited,NSE:APOLLOHOSP-EQ,NSE:APOLLOHOSP25AUGFUT,NSE:APOLLOHOSP25SEPFUT,NSE:APOLLOHOSP25OCTFUT
STOCKS,Ashok Leyland Limited,NSE:ASHOKLEY-EQ,NSE:ASHOKLEY25AUGFUT,NSE:ASHOKLEY25SEPFUT,NSE:ASHOKLEY25OCTFUT
STOCKS,Asian Paints Limited,NSE:ASIANPAINT-EQ,NSE:ASIANPAINT25AUGFUT,NSE:ASIANPAINT25SEPFUT,NSE:ASIANPAINT25OCTFUT
STOCKS,Astral Limited,NSE:ASTRAL-EQ,NSE:ASTRAL25AUGFUT,NSE:ASTRAL25SEPFUT,NSE:ASTRAL25OCTFUT
STOCKS,Aurobindo Pharma Limited,NSE:AUROPHARMA-EQ,NSE:AUROPHARMA25AUGFUT,NSE:AUROPHARMA25SEPFUT,NSE:AUROPHARMA25OCTFUT
STOCKS,Avenue Supermarts Limited,NSE:DMART-EQ,NSE:DMART25AUGFUT,NSE:DMART25SEPFUT,NSE:DMART25OCTFUT
STOCKS,Axis Bank Limited,NSE:AXISBANK-EQ,NSE:AXISBANK25AUGFUT,NSE:AXISBANK25SEPFUT,NSE:AXISBANK25OCTFUT
STOCKS,BSE Limited,NSE:BSE-EQ,NSE:BSE25AUGFUT,NSE:BSE25SEPFUT,NSE:BSE25OCTFUT
STOCKS,Bajaj Auto Limited,NSE:BAJAJ-AUTO-EQ,NSE:BAJAJ-AUTO25AUGFUT,NSE:BAJAJ-AUTO25SEPFUT,NSE:BAJAJ-AUTO25OCTFUT
STOCKS,Bajaj Finance Limited,NSE:BAJFINANCE-EQ,NSE:BAJFINANCE25AUGFUT,NSE:BAJFINANCE25SEPFUT,NSE:BAJFINANCE25OCTFUT
STOCKS,Bajaj Finserv Limited,NSE:BAJAJFINSV-EQ,NSE:BAJAJFINSV25AUGFUT,NSE:BAJAJFINSV25SEPFUT,NSE:BAJAJFINSV25OCTFUT
STOCKS,Bandhan Bank Limited,NSE:BANDHANBNK-EQ,NSE:BANDHANBNK25AUGFUT,NSE:BANDHANBNK25SEPFUT,NSE:BANDHANBNK25OCTFUT
STOCKS,Bank of Baroda,NSE:BANKBARODA-EQ,NSE:BANKBARODA25AUGFUT,NSE:BANKBARODA25SEPFUT,NSE:BANKBARODA25OCTFUT
STOCKS,Bank of India,NSE:BANKINDIA-EQ,NSE:BANKINDIA25AUGFUT,NSE:BANKINDIA25SEPFUT,NSE:BANKINDIA25OCTFUT
STOCKS,Bharat Dynamics Limited,NSE:BDL-EQ,NSE:BDL25AUGFUT,NSE:BDL25SEPFUT,NSE:BDL25OCTFUT
STOCKS,Bharat Electronics Limited,NSE:BEL-EQ,NSE:BEL25AUGFUT,NSE:BEL25SEPFUT,NSE:BEL25OCTFUT
STOCKS,Bharat Forge Limited,NSE:BHARATFORG-EQ,NSE:BHARATFORG25AUGFUT,NSE:BHARATFORG25SEPFUT,NSE:BHARATFORG25OCTFUT
STOCKS,Bharat Heavy Electricals Limited,NSE:BHEL-EQ,NSE:BHEL25AUGFUT,NSE:BHEL25SEPFUT,NSE:BHEL25OCTFUT
STOCKS,Bharat Petroleum Corporation Limited,NSE:BPCL-EQ,NSE:BPCL25AUGFUT,NSE:BPCL25SEPFUT,NSE:BPCL25OCTFUT
STOCKS,Bharti Airtel Limited,NSE:BHARTIARTL-EQ,NSE:BHARTIARTL25AUGFUT,NSE:BHARTIARTL25SEPFUT,NSE:BHARTIARTL25OCTFUT
STOCKS,Biocon Limited,NSE:BIOCON-EQ,NSE:BIOCON25AUGFUT,NSE:BIOCON25SEPFUT,NSE:BIOCON25OCTFUT
STOCKS,Blue Star Limited,NSE:BLUESTARCO-EQ,NSE:BLUESTARCO25AUGFUT,NSE:BLUESTARCO25SEPFUT,NSE:BLUESTARCO25OCTFUT
STOCKS,Bosch Limited,NSE:BOSCHLTD-EQ,NSE:BOSCHLTD25AUGFUT,NSE:BOSCHLTD25SEPFUT,NSE:BOSCHLTD25OCTFUT
STOCKS,Britannia Industries Limited,NSE:BRITANNIA-EQ,NSE:BRITANNIA25AUGFUT,NSE:BRITANNIA25SEPFUT,NSE:BRITANNIA25OCTFUT
STOCKS,CESC Limited,NSE:CESC-EQ,NSE:CESC25AUGFUT,NSE:CESC25SEPFUT,NSE:CESC25OCTFUT
STOCKS,CG Power and Industrial Solutions Limited,NSE:CGPOWER-EQ,NSE:CGPOWER25AUGFUT,NSE:CGPOWER25SEPFUT,NSE:CGPOWER25OCTFUT
STOCKS,Canara Bank,NSE:CANBK-EQ,NSE:CANBK25AUGFUT,NSE:CANBK25SEPFUT,NSE:CANBK25OCTFUT
STOCKS,Central Depository Services (India) Limited,NSE:CDSL-EQ,NSE:CDSL25AUGFUT,NSE:CDSL25SEPFUT,NSE:CDSL25OCTFUT
STOCKS,Cholamandalam Investment and Finance Company Limited,NSE:CHOLAFIN-EQ,NSE:CHOLAFIN25AUGFUT,NSE:CHOLAFIN25SEPFUT,NSE:CHOLAFIN25OCTFUT
STOCKS,Cipla Limited,NSE:CIPLA-EQ,NSE:CIPLA25AUGFUT,NSE:CIPLA25SEPFUT,NSE:CIPLA25OCTFUT
STOCKS,Coal India Limited,NSE:COALINDIA-EQ,NSE:COALINDIA25AUGFUT,NSE:COALINDIA25SEPFUT,NSE:COALINDIA25OCTFUT
STOCKS,Coforge Limited,NSE:COFORGE-EQ,NSE:COFORGE25AUGFUT,NSE:COFORGE25SEPFUT,NSE:COFORGE25OCTFUT
STOCKS,Colgate Palmolive (India) Limited,NSE:COLPAL-EQ,NSE:COLPAL25AUGFUT,NSE:COLPAL25SEPFUT,NSE:COLPAL25OCTFUT
STOCKS,Computer Age Management Services Limited,NSE:CAMS-EQ,NSE:CAMS25AUGFUT,NSE:CAMS25SEPFUT,NSE:CAMS25OCTFUT
STOCKS,Container Corporation of India Limited,NSE:CONCOR-EQ,NSE:CONCOR25AUGFUT,NSE:CONCOR25SEPFUT,NSE:CONCOR25OCTFUT
STOCKS,Crompton Greaves Consumer Electricals Limited,NSE:CROMPTON-EQ,NSE:CROMPTON25AUGFUT,NSE:CROMPTON25SEPFUT,NSE:CROMPTON25OCTFUT
STOCKS,Cummins India Limited,NSE:CUMMINSIND-EQ,NSE:CUMMINSIND25AUGFUT,NSE:CUMMINSIND25SEPFUT,NSE:CUMMINSIND25OCTFUT
STOCKS,Cyient Limited,NSE:CYIENT-EQ,NSE:CYIENT25AUGFUT,NSE:CYIENT25SEPFUT,NSE:CYIENT25OCTFUT
STOCKS,DLF Limited,NSE:DLF-EQ,NSE:DLF25AUGFUT,NSE:DLF25SEPFUT,NSE:DLF25OCTFUT
STOCKS,Dabur India Limited,NSE:DABUR-EQ,NSE:DABUR25AUGFUT,NSE:DABUR25SEPFUT,NSE:DABUR25OCTFUT
STOCKS,Dalmia Bharat Limited,NSE:DALBHARAT-EQ,NSE:DALBHARAT25AUGFUT,NSE:DALBHARAT25SEPFUT,NSE:DALBHARAT25OCTFUT
STOCKS,Delhivery Limited,NSE:DELHIVERY-EQ,NSE:DELHIVERY25AUGFUT,NSE:DELHIVERY25SEPFUT,NSE:DELHIVERY25OCTFUT
STOCKS,Divi's Laboratories Limited,NSE:DIVISLAB-EQ,NSE:DIVISLAB25AUGFUT,NSE:DIVISLAB25SEPFUT,NSE:DIVISLAB25OCTFUT
STOCKS,Dixon Technologies (India) Limited,NSE:DIXON-EQ,NSE:DIXON25AUGFUT,NSE:DIXON25SEPFUT,NSE:DIXON25OCTFUT
STOCKS,Dr. Reddy's Laboratories Limited,NSE:DRREDDY-EQ,NSE:DRREDDY25AUGFUT,NSE:DRREDDY25SEPFUT,NSE:DRREDDY25OCTFUT
STOCKS,ETERNAL LIMITED,NSE:ETERNAL-EQ,NSE:ETERNAL25AUGFUT,NSE:ETERNAL25SEPFUT,NSE:ETERNAL25OCTFUT
STOCKS,Eicher Motors Limited,NSE:EICHERMOT-EQ,NSE:EICHERMOT25AUGFUT,NSE:EICHERMOT25SEPFUT,NSE:EICHERMOT25OCTFUT
STOCKS,Exide Industries Limited,NSE:EXIDEIND-EQ,NSE:EXIDEIND25AUGFUT,NSE:EXIDEIND25SEPFUT,NSE:EXIDEIND25OCTFUT
STOCKS,FSN E-Commerce Ventures Limited,NSE:NYKAA-EQ,NSE:NYKAA25AUGFUT,NSE:NYKAA25SEPFUT,NSE:NYKAA25OCTFUT
STOCKS,Fortis Healthcare Limited,NSE:FORTIS-EQ,NSE:FORTIS25AUGFUT,NSE:FORTIS25SEPFUT,NSE:FORTIS25OCTFUT
STOCKS,GAIL (India) Limited,NSE:GAIL-EQ,NSE:GAIL25AUGFUT,NSE:GAIL25SEPFUT,NSE:GAIL25OCTFUT
STOCKS,GMR AIRPORTS LIMITED,NSE:GMRAIRPORT-EQ,NSE:GMRAIRPORT25AUGFUT,NSE:GMRAIRPORT25SEPFUT,NSE:GMRAIRPORT25OCTFUT
STOCKS,Glenmark Pharmaceuticals Limited,NSE:GLENMARK-EQ,NSE:GLENMARK25AUGFUT,NSE:GLENMARK25SEPFUT,NSE:GLENMARK25OCTFUT
STOCKS,Godrej Consumer Products Limited,NSE:GODREJCP-EQ,NSE:GODREJCP25AUGFUT,NSE:GODREJCP25SEPFUT,NSE:GODREJCP25OCTFUT
STOCKS,Godrej Properties Limited,NSE:GODREJPROP-EQ,NSE:GODREJPROP25AUGFUT,NSE:GODREJPROP25SEPFUT,NSE:GODREJPROP25OCTFUT
STOCKS,Granules India Limited,NSE:GRANULES-EQ,NSE:GRANULES25AUGFUT,NSE:GRANULES25SEPFUT,NSE:GRANULES25OCTFUT
STOCKS,Grasim Industries Limited,NSE:GRASIM-EQ,NSE:GRASIM25AUGFUT,NSE:GRASIM25SEPFUT,NSE:GRASIM25OCTFUT
STOCKS,HCL Technologies Limited,NSE:HCLTECH-EQ,NSE:HCLTECH25AUGFUT,NSE:HCLTECH25SEPFUT,NSE:HCLTECH25OCTFUT
STOCKS,HDFC Asset Management Company Limited,NSE:HDFCAMC-EQ,NSE:HDFCAMC25AUGFUT,NSE:HDFCAMC25SEPFUT,NSE:HDFCAMC25OCTFUT
STOCKS,HDFC Bank Limited,NSE:HDFCBANK-EQ,NSE:HDFCBANK25AUGFUT,NSE:HDFCBANK25SEPFUT,NSE:HDFCBANK25OCTFUT
STOCKS,HDFC Life Insurance Company Limited,NSE:HDFCLIFE-EQ,NSE:HDFCLIFE25AUGFUT,NSE:HDFCLIFE25SEPFUT,NSE:HDFCLIFE25OCTFUT
STOCKS,HFCL Limited,NSE:HFCL-EQ,NSE:HFCL25AUGFUT,NSE:HFCL25SEPFUT,NSE:HFCL25OCTFUT
STOCKS,Havells India Limited,NSE:HAVELLS-EQ,NSE:HAVELLS25AUGFUT,NSE:HAVELLS25SEPFUT,NSE:HAVELLS25OCTFUT
STOCKS,Hero MotoCorp Limited,NSE:HEROMOTOCO-EQ,NSE:HEROMOTOCO25AUGFUT,NSE:HEROMOTOCO25SEPFUT,NSE:HEROMOTOCO25OCTFUT
STOCKS,Hindalco Industries Limited,NSE:HINDALCO-EQ,NSE:HINDALCO25AUGFUT,NSE:HINDALCO25SEPFUT,NSE:HINDALCO25OCTFUT
STOCKS,Hindustan Aeronautics Limited,NSE:HAL-EQ,NSE:HAL25AUGFUT,NSE:HAL25SEPFUT,NSE:HAL25OCTFUT
STOCKS,Hindustan Petroleum Corporation Limited,NSE:HINDPETRO-EQ,NSE:HINDPETRO25AUGFUT,NSE:HINDPETRO25SEPFUT,NSE:HINDPETRO25OCTFUT
STOCKS,Hindustan Unilever Limited,NSE:HINDUNILVR-EQ,NSE:HINDUNILVR25AUGFUT,NSE:HINDUNILVR25SEPFUT,NSE:HINDUNILVR25OCTFUT
STOCKS,Hindustan Zinc Limited,NSE:HINDZINC-EQ,NSE:HINDZINC25AUGFUT,NSE:HINDZINC25SEPFUT,NSE:HINDZINC25OCTFUT
STOCKS,Housing & Urban Development Corporation Limited,NSE:HUDCO-EQ,NSE:HUDCO25AUGFUT,NSE:HUDCO25SEPFUT,NSE:HUDCO25OCTFUT
STOCKS,ICICI Bank Limited,NSE:ICICIBANK-EQ,NSE:ICICIBANK25AUGFUT,NSE:ICICIBANK25SEPFUT,NSE:ICICIBANK25OCTFUT
STOCKS,ICICI Lombard General Insurance Company Limited,NSE:ICICIGI-EQ,NSE:ICICIGI25AUGFUT,NSE:ICICIGI25SEPFUT,NSE:ICICIGI25OCTFUT
STOCKS,ICICI Prudential Life Insurance Company Limited,NSE:ICICIPRULI-EQ,NSE:ICICIPRULI25AUGFUT,NSE:ICICIPRULI25SEPFUT,NSE:ICICIPRULI25OCTFUT
STOCKS,IDFC First Bank Limited,NSE:IDFCFIRSTB-EQ,NSE:IDFCFIRSTB25AUGFUT,NSE:IDFCFIRSTB25SEPFUT,NSE:IDFCFIRSTB25OCTFUT
STOCKS,IIFL Finance Limited,NSE:IIFL-EQ,NSE:IIFL25AUGFUT,NSE:IIFL25SEPFUT,NSE:IIFL25OCTFUT
STOCKS,IRB Infrastructure Developers Limited,NSE:IRB-EQ,NSE:IRB25AUGFUT,NSE:IRB25SEPFUT,NSE:IRB25OCTFUT
STOCKS,ITC Limited,NSE:ITC-EQ,NSE:ITC25AUGFUT,NSE:ITC25SEPFUT,NSE:ITC25OCTFUT
STOCKS,Indian Bank,NSE:INDIANB-EQ,NSE:INDIANB25AUGFUT,NSE:INDIANB25SEPFUT,NSE:INDIANB25OCTFUT
STOCKS,Indian Energy Exchange Limited,NSE:IEX-EQ,NSE:IEX25AUGFUT,NSE:IEX25SEPFUT,NSE:IEX25OCTFUT
STOCKS,Indian Oil Corporation Limited,NSE:IOC-EQ,NSE:IOC25AUGFUT,NSE:IOC25SEPFUT,NSE:IOC25OCTFUT
STOCKS,Indian Railway Catering And Tourism Corporation Limited,NSE:IRCTC-EQ,NSE:IRCTC25AUGFUT,NSE:IRCTC25SEPFUT,NSE:IRCTC25OCTFUT
STOCKS,Indian Railway Finance Corporation Limited,NSE:IRFC-EQ,NSE:IRFC25AUGFUT,NSE:IRFC25SEPFUT,NSE:IRFC25OCTFUT
STOCKS,Indian Renewable Energy Development Agency Limited,NSE:IREDA-EQ,NSE:IREDA25AUGFUT,NSE:IREDA25SEPFUT,NSE:IREDA25OCTFUT
STOCKS,Indraprastha Gas Limited,NSE:IGL-EQ,NSE:IGL25AUGFUT,NSE:IGL25SEPFUT,NSE:IGL25OCTFUT
STOCKS,Indus Towers Limited,NSE:INDUSTOWER-EQ,NSE:INDUSTOWER25AUGFUT,NSE:INDUSTOWER25SEPFUT,NSE:INDUSTOWER25OCTFUT
STOCKS,IndusInd Bank Limited,NSE:INDUSINDBK-EQ,NSE:INDUSINDBK25AUGFUT,NSE:INDUSINDBK25SEPFUT,NSE:INDUSINDBK25OCTFUT
STOCKS,Info Edge (India) Limited,NSE:NAUKRI-EQ,NSE:NAUKRI25AUGFUT,NSE:NAUKRI25SEPFUT,NSE:NAUKRI25OCTFUT
STOCKS,Infosys Limited,NSE:INFY-EQ,NSE:INFY25AUGFUT,NSE:INFY25SEPFUT,NSE:INFY25OCTFUT
STOCKS,Inox Wind Limited,NSE:INOXWIND-EQ,NSE:INOXWIND25AUGFUT,NSE:INOXWIND25SEPFUT,NSE:INOXWIND25OCTFUT
STOCKS,InterGlobe Aviation Limited,NSE:INDIGO-EQ,NSE:INDIGO25AUGFUT,NSE:INDIGO25SEPFUT,NSE:INDIGO25OCTFUT
STOCKS,JSW Energy Limited,NSE:JSWENERGY-EQ,NSE:JSWENERGY25AUGFUT,NSE:JSWENERGY25SEPFUT,NSE:JSWENERGY25OCTFUT
STOCKS,JSW Steel Limited,NSE:JSWSTEEL-EQ,NSE:JSWSTEEL25AUGFUT,NSE:JSWSTEEL25SEPFUT,NSE:JSWSTEEL25OCTFUT
STOCKS,Jindal Stainless Limited,NSE:JSL-EQ,NSE:JSL25AUGFUT,NSE:JSL25SEPFUT,NSE:JSL25OCTFUT
STOCKS,Jindal Steel & Power Limited,NSE:JINDALSTEL-EQ,NSE:JINDALSTEL25AUGFUT,NSE:JINDALSTEL25SEPFUT,NSE:JINDALSTEL25OCTFUT
STOCKS,Jio Financial Services Limited,NSE:JIOFIN-EQ,NSE:JIOFIN25AUGFUT,NSE:JIOFIN25SEPFUT,NSE:JIOFIN25OCTFUT
STOCKS,Jubilant Foodworks Limited,NSE:JUBLFOOD-EQ,NSE:JUBLFOOD25AUGFUT,NSE:JUBLFOOD25SEPFUT,NSE:JUBLFOOD25OCTFUT
STOCKS,KEI Industries Limited,NSE:KEI-EQ,NSE:KEI25AUGFUT,NSE:KEI25SEPFUT,NSE:KEI25OCTFUT
STOCKS,KPIT Technologies Limited,NSE:KPITTECH-EQ,NSE:KPITTECH25AUGFUT,NSE:KPITTECH25SEPFUT,NSE:KPITTECH25OCTFUT
STOCKS,Kalyan Jewellers India Limited,NSE:KALYANKJIL-EQ,NSE:KALYANKJIL25AUGFUT,NSE:KALYANKJIL25SEPFUT,NSE:KALYANKJIL25OCTFUT
STOCKS,Kaynes Technology India Limited,NSE:KAYNES-EQ,NSE:KAYNES25AUGFUT,NSE:KAYNES25SEPFUT,NSE:KAYNES25OCTFUT
STOCKS,Kfin Technologies Limited,NSE:KFINTECH-EQ,NSE:KFINTECH25AUGFUT,NSE:KFINTECH25SEPFUT,NSE:KFINTECH25OCTFUT
STOCKS,Kotak Mahindra Bank Limited,NSE:KOTAKBANK-EQ,NSE:KOTAKBANK25AUGFUT,NSE:KOTAKBANK25SEPFUT,NSE:KOTAKBANK25OCTFUT
STOCKS,L&T Finance Limited,NSE:LTF-EQ,NSE:LTF25AUGFUT,NSE:LTF25SEPFUT,NSE:LTF25OCTFUT
STOCKS,LIC Housing Finance Limited,NSE:LICHSGFIN-EQ,NSE:LICHSGFIN25AUGFUT,NSE:LICHSGFIN25SEPFUT,NSE:LICHSGFIN25OCTFUT
STOCKS,LTIMindtree Limited,NSE:LTIM-EQ,NSE:LTIM25AUGFUT,NSE:LTIM25SEPFUT,NSE:LTIM25OCTFUT
STOCKS,Larsen & Toubro Limited,NSE:LT-EQ,NSE:LT25AUGFUT,NSE:LT25SEPFUT,NSE:LT25OCTFUT
STOCKS,Laurus Labs Limited,NSE:LAURUSLABS-EQ,NSE:LAURUSLABS25AUGFUT,NSE:LAURUSLABS25SEPFUT,NSE:LAURUSLABS25OCTFUT
STOCKS,Life Insurance Corporation Of India,NSE:LICI-EQ,NSE:LICI25AUGFUT,NSE:LICI25SEPFUT,NSE:LICI25OCTFUT
STOCKS,Lodha Developers Limited,NSE:LODHA-EQ,NSE:LODHA25AUGFUT,NSE:LODHA25SEPFUT,NSE:LODHA25OCTFUT
STOCKS,Lupin Limited,NSE:LUPIN-EQ,NSE:LUPIN25AUGFUT,NSE:LUPIN25SEPFUT,NSE:LUPIN25OCTFUT
STOCKS,Mahindra & Mahindra Limited,NSE:M&M-EQ,NSE:M&M25AUGFUT,NSE:M&M25SEPFUT,NSE:M&M25OCTFUT
STOCKS,Manappuram Finance Limited,NSE:MANAPPURAM-EQ,NSE:MANAPPURAM25AUGFUT,NSE:MANAPPURAM25SEPFUT,NSE:MANAPPURAM25OCTFUT
STOCKS,Mankind Pharma Limited,NSE:MANKIND-EQ,NSE:MANKIND25AUGFUT,NSE:MANKIND25SEPFUT,NSE:MANKIND25OCTFUT
STOCKS,Marico Limited,NSE:MARICO-EQ,NSE:MARICO25AUGFUT,NSE:MARICO25SEPFUT,NSE:MARICO25OCTFUT
STOCKS,Maruti Suzuki India Limited,NSE:MARUTI-EQ,NSE:MARUTI25AUGFUT,NSE:MARUTI25SEPFUT,NSE:MARUTI25OCTFUT
STOCKS,Max Financial Services Limited,NSE:MFSL-EQ,NSE:MFSL25AUGFUT,NSE:MFSL25SEPFUT,NSE:MFSL25OCTFUT
STOCKS,Max Healthcare Institute Limited,NSE:MAXHEALTH-EQ,NSE:MAXHEALTH25AUGFUT,NSE:MAXHEALTH25SEPFUT,NSE:MAXHEALTH25OCTFUT
STOCKS,Mazagon Dock Shipbuilders Limited,NSE:MAZDOCK-EQ,NSE:MAZDOCK25AUGFUT,NSE:MAZDOCK25SEPFUT,NSE:MAZDOCK25OCTFUT
STOCKS,MphasiS Limited,NSE:MPHASIS-EQ,NSE:MPHASIS25AUGFUT,NSE:MPHASIS25SEPFUT,NSE:MPHASIS25OCTFUT
STOCKS,Multi Commodity Exchange of India Limited,NSE:MCX-EQ,NSE:MCX25AUGFUT,NSE:MCX25SEPFUT,NSE:MCX25OCTFUT
STOCKS,Muthoot Finance Limited,NSE:MUTHOOTFIN-EQ,NSE:MUTHOOTFIN25AUGFUT,NSE:MUTHOOTFIN25SEPFUT,NSE:MUTHOOTFIN25OCTFUT
STOCKS,NBCC (India) Limited,NSE:NBCC-EQ,NSE:NBCC25AUGFUT,NSE:NBCC25SEPFUT,NSE:NBCC25OCTFUT
STOCKS,NCC Limited,NSE:NCC-EQ,NSE:NCC25AUGFUT,NSE:NCC25SEPFUT,NSE:NCC25OCTFUT
STOCKS,NHPC Limited,NSE:NHPC-EQ,NSE:NHPC25AUGFUT,NSE:NHPC25SEPFUT,NSE:NHPC25OCTFUT
STOCKS,NMDC Limited,NSE:NMDC-EQ,NSE:NMDC25AUGFUT,NSE:NMDC25SEPFUT,NSE:NMDC25OCTFUT
STOCKS,NTPC Limited,NSE:NTPC-EQ,NSE:NTPC25AUGFUT,NSE:NTPC25SEPFUT,NSE:NTPC25OCTFUT
STOCKS,National Aluminium Company Limited,NSE:NATIONALUM-EQ,NSE:NATIONALUM25AUGFUT,NSE:NATIONALUM25SEPFUT,NSE:NATIONALUM25OCTFUT
STOCKS,Nestle India Limited,NSE:NESTLEIND-EQ,NSE:NESTLEIND25AUGFUT,NSE:NESTLEIND25SEPFUT,NSE:NESTLEIND25OCTFUT
STOCKS,Nuvama Wealth Management Limited,NSE:NUVAMA-EQ,NSE:NUVAMA25AUGFUT,NSE:NUVAMA25SEPFUT,NSE:NUVAMA25OCTFUT
STOCKS,Oberoi Realty Limited,NSE:OBEROIRLTY-EQ,NSE:OBEROIRLTY25AUGFUT,NSE:OBEROIRLTY25SEPFUT,NSE:OBEROIRLTY25OCTFUT
STOCKS,Oil & Natural Gas Corporation Limited,NSE:ONGC-EQ,NSE:ONGC25AUGFUT,NSE:ONGC25SEPFUT,NSE:ONGC25OCTFUT
STOCKS,Oil India Limited,NSE:OIL-EQ,NSE:OIL25AUGFUT,NSE:OIL25SEPFUT,NSE:OIL25OCTFUT
STOCKS,One 97 Communications Limited,NSE:PAYTM-EQ,NSE:PAYTM25AUGFUT,NSE:PAYTM25SEPFUT,NSE:PAYTM25OCTFUT
STOCKS,Oracle Financial Services Software Limited,NSE:OFSS-EQ,NSE:OFSS25AUGFUT,NSE:OFSS25SEPFUT,NSE:OFSS25OCTFUT
STOCKS,PB Fintech Limited,NSE:POLICYBZR-EQ,NSE:POLICYBZR25AUGFUT,NSE:POLICYBZR25SEPFUT,NSE:POLICYBZR25OCTFUT
STOCKS,PG Electroplast Limited,NSE:PGEL-EQ,NSE:PGEL25AUGFUT,NSE:PGEL25SEPFUT,NSE:PGEL25OCTFUT
STOCKS,PI Industries Limited,NSE:PIIND-EQ,NSE:PIIND25AUGFUT,NSE:PIIND25SEPFUT,NSE:PIIND25OCTFUT
STOCKS,PNB Housing Finance Limited,NSE:PNBHOUSING-EQ,NSE:PNBHOUSING25AUGFUT,NSE:PNBHOUSING25SEPFUT,NSE:PNBHOUSING25OCTFUT
STOCKS,Page Industries Limited,NSE:PAGEIND-EQ,NSE:PAGEIND25AUGFUT,NSE:PAGEIND25SEPFUT,NSE:PAGEIND25OCTFUT
STOCKS,Patanjali Foods Limited,NSE:PATANJALI-EQ,NSE:PATANJALI25AUGFUT,NSE:PATANJALI25SEPFUT,NSE:PATANJALI25OCTFUT
STOCKS,Persistent Systems Limited,NSE:PERSISTENT-EQ,NSE:PERSISTENT25AUGFUT,NSE:PERSISTENT25SEPFUT,NSE:PERSISTENT25OCTFUT
STOCKS,Petronet LNG Limited,NSE:PETRONET-EQ,NSE:PETRONET25AUGFUT,NSE:PETRONET25SEPFUT,NSE:PETRONET25OCTFUT
STOCKS,Pidilite Industries Limited,NSE:PIDILITIND-EQ,NSE:PIDILITIND25AUGFUT,NSE:PIDILITIND25SEPFUT,NSE:PIDILITIND25OCTFUT
STOCKS,Piramal Pharma Limited,NSE:PPLPHARMA-EQ,NSE:PPLPHARMA25AUGFUT,NSE:PPLPHARMA25SEPFUT,NSE:PPLPHARMA25OCTFUT
STOCKS,Polycab India Limited,NSE:POLYCAB-EQ,NSE:POLYCAB25AUGFUT,NSE:POLYCAB25SEPFUT,NSE:POLYCAB25OCTFUT
STOCKS,Poonawalla Fincorp Limited,NSE:POONAWALLA-EQ,NSE:POONAWALLA25AUGFUT,NSE:POONAWALLA25SEPFUT,NSE:POONAWALLA25OCTFUT
STOCKS,Power Finance Corporation Limited,NSE:PFC-EQ,NSE:PFC25AUGFUT,NSE:PFC25SEPFUT,NSE:PFC25OCTFUT
STOCKS,Power Grid Corporation of India Limited,NSE:POWERGRID-EQ,NSE:POWERGRID25AUGFUT,NSE:POWERGRID25SEPFUT,NSE:POWERGRID25OCTFUT
STOCKS,Prestige Estates Projects Limited,NSE:PRESTIGE-EQ,NSE:PRESTIGE25AUGFUT,NSE:PRESTIGE25SEPFUT,NSE:PRESTIGE25OCTFUT
STOCKS,Punjab National Bank,NSE:PNB-EQ,NSE:PNB25AUGFUT,NSE:PNB25SEPFUT,NSE:PNB25OCTFUT
STOCKS,RBL Bank Limited,NSE:RBLBANK-EQ,NSE:RBLBANK25AUGFUT,NSE:RBLBANK25SEPFUT,NSE:RBLBANK25OCTFUT
STOCKS,REC Limited,NSE:RECLTD-EQ,NSE:RECLTD25AUGFUT,NSE:RECLTD25SEPFUT,NSE:RECLTD25OCTFUT
STOCKS,Rail Vikas Nigam Limited,NSE:RVNL-EQ,NSE:RVNL25AUGFUT,NSE:RVNL25SEPFUT,NSE:RVNL25OCTFUT
STOCKS,Reliance Industries Limited,NSE:RELIANCE-EQ,NSE:RELIANCE25AUGFUT,NSE:RELIANCE25SEPFUT,NSE:RELIANCE25OCTFUT
STOCKS,SBI Cards and Payment Services Limited,NSE:SBICARD-EQ,NSE:SBICARD25AUGFUT,NSE:SBICARD25SEPFUT,NSE:SBICARD25OCTFUT
STOCKS,SBI Life Insurance Company Limited,NSE:SBILIFE-EQ,NSE:SBILIFE25AUGFUT,NSE:SBILIFE25SEPFUT,NSE:SBILIFE25OCTFUT
STOCKS,SHREE CEMENT LIMITED,NSE:SHREECEM-EQ,NSE:SHREECEM25AUGFUT,NSE:SHREECEM25SEPFUT,NSE:SHREECEM25OCTFUT
STOCKS,SJVN Limited,NSE:SJVN-EQ,NSE:SJVN25AUGFUT,NSE:SJVN25SEPFUT,NSE:SJVN25OCTFUT
STOCKS,SRF Limited,NSE:SRF-EQ,NSE:SRF25AUGFUT,NSE:SRF25SEPFUT,NSE:SRF25OCTFUT
STOCKS,Samvardhana Motherson International Limited,NSE:MOTHERSON-EQ,NSE:MOTHERSON25AUGFUT,NSE:MOTHERSON25SEPFUT,NSE:MOTHERSON25OCTFUT
STOCKS,Shriram Finance Limited,NSE:SHRIRAMFIN-EQ,NSE:SHRIRAMFIN25AUGFUT,NSE:SHRIRAMFIN25SEPFUT,NSE:SHRIRAMFIN25OCTFUT
STOCKS,Siemens Limited,NSE:SIEMENS-EQ,NSE:SIEMENS25AUGFUT,NSE:SIEMENS25SEPFUT,NSE:SIEMENS25OCTFUT
STOCKS,Solar Industries India Limited,NSE:SOLARINDS-EQ,NSE:SOLARINDS25AUGFUT,NSE:SOLARINDS25SEPFUT,NSE:SOLARINDS25OCTFUT
STOCKS,Sona BLW Precision Forgings Limited,NSE:SONACOMS-EQ,NSE:SONACOMS25AUGFUT,NSE:SONACOMS25SEPFUT,NSE:SONACOMS25OCTFUT
STOCKS,State Bank of India,NSE:SBIN-EQ,NSE:SBIN25AUGFUT,NSE:SBIN25SEPFUT,NSE:SBIN25OCTFUT
STOCKS,Steel Authority of India Limited,NSE:SAIL-EQ,NSE:SAIL25AUGFUT,NSE:SAIL25SEPFUT,NSE:SAIL25OCTFUT
STOCKS,Sun Pharmaceutical Industries Limited,NSE:SUNPHARMA-EQ,NSE:SUNPHARMA25AUGFUT,NSE:SUNPHARMA25SEPFUT,NSE:SUNPHARMA25OCTFUT
STOCKS,Supreme Industries Limited,NSE:SUPREMEIND-EQ,NSE:SUPREMEIND25AUGFUT,NSE:SUPREMEIND25SEPFUT,NSE:SUPREMEIND25OCTFUT
STOCKS,Suzlon Energy Limited,NSE:SUZLON-EQ,NSE:SUZLON25AUGFUT,NSE:SUZLON25SEPFUT,NSE:SUZLON25OCTFUT
STOCKS,Syngene International Limited,NSE:SYNGENE-EQ,NSE:SYNGENE25AUGFUT,NSE:SYNGENE25SEPFUT,NSE:SYNGENE25OCTFUT
STOCKS,TATA CONSUMER PRODUCTS LIMITED,NSE:TATACONSUM-EQ,NSE:TATACONSUM25AUGFUT,NSE:TATACONSUM25SEPFUT,NSE:TATACONSUM25OCTFUT
STOCKS,TITAGARH RAIL SYSTEMS LIMITED,NSE:TITAGARH-EQ,NSE:TITAGARH25AUGFUT,NSE:TITAGARH25SEPFUT,NSE:TITAGARH25OCTFUT
STOCKS,TVS Motor Company Limited,NSE:TVSMOTOR-EQ,NSE:TVSMOTOR25AUGFUT,NSE:TVSMOTOR25SEPFUT,NSE:TVSMOTOR25OCTFUT
STOCKS,Tata Chemicals Limited,NSE:TATACHEM-EQ,NSE:TATACHEM25AUGFUT,NSE:TATACHEM25SEPFUT,NSE:TATACHEM25OCTFUT
STOCKS,Tata Consultancy Services Limited,NSE:TCS-EQ,NSE:TCS25AUGFUT,NSE:TCS25SEPFUT,NSE:TCS25OCTFUT
STOCKS,Tata Elxsi Limited,NSE:TATAELXSI-EQ,NSE:TATAELXSI25AUGFUT,NSE:TATAELXSI25SEPFUT,NSE:TATAELXSI25OCTFUT
STOCKS,Tata Motors Limited,NSE:TATAMOTORS-EQ,NSE:TATAMOTORS25AUGFUT,NSE:TATAMOTORS25SEPFUT,NSE:TATAMOTORS25OCTFUT
STOCKS,Tata Power Company Limited,NSE:TATAPOWER-EQ,NSE:TATAPOWER25AUGFUT,NSE:TATAPOWER25SEPFUT,NSE:TATAPOWER25OCTFUT
STOCKS,Tata Steel Limited,NSE:TATASTEEL-EQ,NSE:TATASTEEL25AUGFUT,NSE:TATASTEEL25SEPFUT,NSE:TATASTEEL25OCTFUT
STOCKS,Tata Technologies Limited,NSE:TATATECH-EQ,NSE:TATATECH25AUGFUT,NSE:TATATECH25SEPFUT,NSE:TATATECH25OCTFUT
STOCKS,Tech Mahindra Limited,NSE:TECHM-EQ,NSE:TECHM25AUGFUT,NSE:TECHM25SEPFUT,NSE:TECHM25OCTFUT
STOCKS,The Federal Bank Limited,NSE:FEDERALBNK-EQ,NSE:FEDERALBNK25AUGFUT,NSE:FEDERALBNK25SEPFUT,NSE:FEDERALBNK25OCTFUT
STOCKS,The Indian Hotels Company Limited,NSE:INDHOTEL-EQ,NSE:INDHOTEL25AUGFUT,NSE:INDHOTEL25SEPFUT,NSE:INDHOTEL25OCTFUT
STOCKS,The Phoenix Mills Limited,NSE:PHOENIXLTD-EQ,NSE:PHOENIXLTD25AUGFUT,NSE:PHOENIXLTD25SEPFUT,NSE:PHOENIXLTD25OCTFUT
STOCKS,Titan Company Limited,NSE:TITAN-EQ,NSE:TITAN25AUGFUT,NSE:TITAN25SEPFUT,NSE:TITAN25OCTFUT
STOCKS,Torrent Pharmaceuticals Limited,NSE:TORNTPHARM-EQ,NSE:TORNTPHARM25AUGFUT,NSE:TORNTPHARM25SEPFUT,NSE:TORNTPHARM25OCTFUT
STOCKS,Torrent Power Limited,NSE:TORNTPOWER-EQ,NSE:TORNTPOWER25AUGFUT,NSE:TORNTPOWER25SEPFUT,NSE:TORNTPOWER25OCTFUT
STOCKS,Trent Limited,NSE:TRENT-EQ,NSE:TRENT25AUGFUT,NSE:TRENT25SEPFUT,NSE:TRENT25OCTFUT
STOCKS,Tube Investments of India Limited,NSE:TIINDIA-EQ,NSE:TIINDIA25AUGFUT,NSE:TIINDIA25SEPFUT,NSE:TIINDIA25OCTFUT
STOCKS,UNO Minda Limited,NSE:UNOMINDA-EQ,NSE:UNOMINDA25AUGFUT,NSE:UNOMINDA25SEPFUT,NSE:UNOMINDA25OCTFUT
STOCKS,UPL Limited,NSE:UPL-EQ,NSE:UPL25AUGFUT,NSE:UPL25SEPFUT,NSE:UPL25OCTFUT
STOCKS,UltraTech Cement Limited,NSE:ULTRACEMCO-EQ,NSE:ULTRACEMCO25AUGFUT,NSE:ULTRACEMCO25SEPFUT,NSE:ULTRACEMCO25OCTFUT
STOCKS,Union Bank of India,NSE:UNIONBANK-EQ,NSE:UNIONBANK25AUGFUT,NSE:UNIONBANK25SEPFUT,NSE:UNIONBANK25OCTFUT
STOCKS,United Spirits Limited,NSE:UNITDSPR-EQ,NSE:UNITDSPR25AUGFUT,NSE:UNITDSPR25SEPFUT,NSE:UNITDSPR25OCTFUT
STOCKS,Varun Beverages Limited,NSE:VBL-EQ,NSE:VBL25AUGFUT,NSE:VBL25SEPFUT,NSE:VBL25OCTFUT
STOCKS,Vedanta Limited,NSE:VEDL-EQ,NSE:VEDL25AUGFUT,NSE:VEDL25SEPFUT,NSE:VEDL25OCTFUT
STOCKS,Vodafone Idea Limited,NSE:IDEA-EQ,NSE:IDEA25AUGFUT,NSE:IDEA25SEPFUT,NSE:IDEA25OCTFUT
STOCKS,Voltas Limited,NSE:VOLTAS-EQ,NSE:VOLTAS25AUGFUT,NSE:VOLTAS25SEPFUT,NSE:VOLTAS25OCTFUT
STOCKS,Wipro Limited,NSE:WIPRO-EQ,NSE:WIPRO25AUGFUT,NSE:WIPRO25SEPFUT,NSE:WIPRO25OCTFUT
STOCKS,Yes Bank Limited,NSE:YESBANK-EQ,NSE:YESBANK25AUGFUT,NSE:YESBANK25SEPFUT,NSE:YESBANK25OCTFUT
STOCKS,Zydus Lifesciences Limited,NSE:ZYDUSLIFE-EQ,NSE:ZYDUSLIFE25AUGFUT,NSE:ZYDUSLIFE25SEPFUT,NSE:ZYDUSLIFE25OCTFUT
